<?xml version="1.0" encoding="UTF-8"?><metadata>
    <idinfo>
        <citation>
            <citeinfo>
                <origin/>
                <pubdate>20190110</pubdate>
                <title>Urban Forestry Street Trees</title>
                <geoform>vector digital data</geoform>
                <pubinfo>
                    <pubplace/>
                    <publish>DC DOT/UFA</publish>
                </pubinfo>
                <lworkcit>
                    <citeinfo>
                        <title>DC Geographic Information System</title>
                    </citeinfo>
                </lworkcit>
            </citeinfo>
        </citation>
        <descript>
            <abstract>Urban Forestry
Division (UFD) managed trees and tree locations. The dataset contains locations
and attributes of public trees and tree spaces, originating from street, park
&amp;amp; school locations, and is created as part of the District of Columbia,
Department of Transportation (DDOT) Street Spatial Database (SSD).  The
data provided herein is shared openly and in real-time (via API). METADATA
CONTENT IS IN PROCESS OF VALIDATION AND SUBJECT TO CHANGE.</abstract>
            <purpose>This data is used for the management of District trees, as well as the maintenance of Reference Features of the District of Columbia, Department of Transportation (DDOT).</purpose>
            <supplinf>The present dataset represents a composite of legacy data as was available to the DDOT/Urban Forestry Administration in early 2006 as well as ongoing updates that have occurred since then. Early data was comprised of various sources, including a Casey Trees Foundation inventory of 2002 and the UFA database of that period, MISTRE (Management Inventory for Street Trees).</supplinf>
        </descript>
        <timeperd>
            <timeinfo>
                <sngdate>
                    <caldate>20131226</caldate>
                </sngdate>
            </timeinfo>
            <current>publication date</current>
        </timeperd>
        <status>
            <progress>Complete</progress>
            <update>Weekly</update>
        </status>
        <spdom>
            <bounding>
                <westbc>-77.22575918267839</westbc>
                <eastbc>-76.81253535472528</eastbc>
                <northbc>39.00086195800861</northbc>
                <southbc>38.786658888995845</southbc>
            </bounding>
        </spdom>
        <keywords>
            <theme>
                <themekt>None</themekt>
                <themekey>tree space</themekey>
                <themekey>tree</themekey>
            </theme>
            <theme>
                <themekt>ISO 19115 Topic Categories</themekt>
                <themekey>environment</themekey>
            </theme>
            <place>
                <placekt>None</placekt>
                <placekey>DC GIS</placekey>
                <placekey>DCGIS</placekey>
                <placekey>DC</placekey>
                <placekey>Washington</placekey>
                <placekey>D.C.</placekey>
                <placekey>District of Columbia</placekey>
            </place>
            <stratum>
                <stratkt>None</stratkt>
                <stratkey>terrestrial</stratkey>
            </stratum>
        </keywords>
        <accconst>None</accconst>
        <useconst>This work is licensed under a Creative Commons Attribution 4.0 International License.</useconst>
        <ptcontac>
            <cntinfo>
                <cntorgp>
                    <cntorg>D.C. Office of the Chief Technology Officer</cntorg>
                    <cntper>GIS Data Coordinator</cntper>
                </cntorgp>
                <cntaddr>
                    <addrtype>mailing and physical</addrtype>
                    <address>200 I Street SE, 5th Floor</address>
                    <city>Washington</city>
                    <state>DC</state>
                    <postal>20003</postal>
                    <country>US</country>
                </cntaddr>
                <cntfax>(202) 727-5660</cntfax>
                <cntemail>dcgis@dc.gov</cntemail>
                <cntemail>john.pthomas@dc.gov</cntemail>
                <hours>8:30 am - 5 pm</hours>
            </cntinfo>
        </ptcontac>
        <datacred>District of Columbia, Department of Transportation, Urban Forestry Administration</datacred>
    </idinfo>
    <dataqual>
        <attracc>
            <attraccr>Data believed to be complete and accurate, subject to change.</attraccr>
        </attracc>
        <logic>In process of validation by the Urban Forestry Administration.</logic>
        <complete>This data is believed to be complete and accurate. However, as these assets (trees) are continually changing, this data is subject to change as well.</complete>
        <posacc>
            <horizpa>
                <horizpar>These assets are located with reference to surrounding infrastruction, i.e., buildings, poles, streets. Their positional accuracy is believed to be within 15 feet of their true location. A recreational grade GPS receiver was used to verify general location but was not employed to assign latitude and longitude.</horizpar>
            </horizpa>
        </posacc>
        <lineage>
            <procstep>
                <procdesc>The present dataset represents a composite of legacy data as was available to the DDOT/Urban Forestry Administration in early 2006 as well as ongoing updates that have occurred since then. Early data was comprised of various sources, including a Casey Trees Foundation inventory of 2002 and the UFA database of that period, MISTRE (Management Inventory for Street Trees). It is continually being updated.</procdesc>
                <procdate>20060101</procdate>
                <proccont>
                    <cntinfo>
                        <cntorgp>
                            <cntorg>Urban Forestry Administration</cntorg>
                        </cntorgp>
                    </cntinfo>
                </proccont>
            </procstep>
        </lineage>
    </dataqual>
    <spdoinfo>
        <direct>Vector</direct>
        <ptvctinf>
            <sdtsterm>
                <sdtstype>Entity point</sdtstype>
                <ptvctcnt>168152</ptvctcnt>
            </sdtsterm>
        </ptvctinf>
    </spdoinfo>
    <eainfo>
        <detailed>
            <enttyp>
                <enttypl>DCGIS.StreetTreePt</enttypl>
                <enttypd>UFATrees is the point geometry that represents trees.</enttypd>
                <enttypds>District of Columbia, Department of Transportation</enttypds>
            </enttyp>
            <attr>
                <attrlabl>SHAPE</attrlabl>
                <attrdef>Feature geometry.</attrdef>
                <attrdefs>ESRI</attrdefs>
                <attrdomv>
                    					
                    <udom>Coordinates defining the features.</udom>
                    				
                </attrdomv>
            </attr>
            <attr>
                <attrlabl>OBJECTID</attrlabl>
                <attrdef>Internal feature number.</attrdef>
                <attrdefs>ESRI</attrdefs>
                <attrdomv>
                    					
                    <udom>Sequential unique whole numbers that are automatically generated.</udom>
                    				
                </attrdomv>
            </attr>
            <attr>
                <attrlabl>OWNERSHIP</attrlabl>
                <attrdef>Ownership of tree</attrdef>
                <attrdefs>District of Columbia, Department of Transportation, Urban Forestry Administration</attrdefs>
            </attr>
            <attr>
                <attrlabl>FACILITYID</attrlabl>
                <attrdef>Unique Tree Identifier</attrdef>
                <attrdefs>District of Columbia, Department of Transportation, Urban Forestry Administration</attrdefs>
            </attr>
            <attr>
                <attrlabl>VICINITY</attrlabl>
                <attrdef>address in immediate vicinity of the tree</attrdef>
                <attrdefs>District of Columbia, Department of Transportation, Urban Forestry Administration</attrdefs>
            </attr>
            <attr>
                <attrlabl>WARD</attrlabl>
                <attrdef>Ward</attrdef>
                <attrdefs>District of Columbia, Department of Transportation</attrdefs>
            </attr>
            <attr>
                <attrlabl>TBOX_L</attrlabl>
                <attrdef>Tree box length</attrdef>
                <attrdefs>District of Columbia, Department of Transportation, Urban Forestry Administration</attrdefs>
            </attr>
            <attr>
                <attrlabl>TBOX_W</attrlabl>
                <attrdef>Tree box width</attrdef>
                <attrdefs>District of Columbia, Department of Transportation, Urban Forestry Administration</attrdefs>
            </attr>
            <attr>
                <attrlabl>WIRES</attrlabl>
                <attrdef>Overhead eletrical wires</attrdef>
                <attrdefs>District of Columbia, Department of Transportation, Urban Forestry Administration</attrdefs>
            </attr>
            <attr>
                <attrlabl>CURB</attrlabl>
                <attrdef>Curb Type</attrdef>
                <attrdefs>District of Columbia, Department of Transportation, Urban Forestry Administration</attrdefs>
            </attr>
            <attr>
                <attrlabl>SIDEWALK</attrlabl>
                <attrdef>Sidewalk Type</attrdef>
                <attrdefs>District of Columbia, Department of Transportation, Urban Forestry Administration</attrdefs>
            </attr>
            <attr>
                <attrlabl>TBOX_STAT</attrlabl>
                <attrdef>Plantable status of location</attrdef>
                <attrdefs>District of Columbia, Department of Transportation, Urban Forestry Administration</attrdefs>
            </attr>
            <attr>
                <attrlabl>RETIREDDT</attrlabl>
                <attrdef>Date of location retirement</attrdef>
                <attrdefs>District of Columbia, Department of Transportation, Urban Forestry Administration</attrdefs>
            </attr>
            <attr>
                <attrlabl>SCI_NM</attrlabl>
                <attrdef>Scientific Name</attrdef>
                <attrdefs>District of Columbia, Department of Transportation, Urban Forestry Administration</attrdefs>
            </attr>
            <attr>
                <attrlabl>CMMN_NM</attrlabl>
                <attrdef>Common Name</attrdef>
                <attrdefs>District of Columbia, Department of Transportation, Urban Forestry Administration</attrdefs>
            </attr>
            <attr>
                <attrlabl>DATE_PLANT</attrlabl>
                <attrdef>most recent planting date of location</attrdef>
                <attrdefs>District of Columbia, Department of Transportation, Urban Forestry Administration</attrdefs>
            </attr>
            <attr>
                <attrlabl>DBH</attrlabl>
                <attrdef>diameter at breast height (This tree girth is commonly measured at 4.5 feet from the soil surface.)</attrdef>
                <attrdefs>District of Columbia, Department of Transportation, Urban Forestry Administration</attrdefs>
            </attr>
            <attr>
                <attrlabl>DISEASE</attrlabl>
                <attrdef>Observation of tree disease incidence</attrdef>
                <attrdefs>District of Columbia, Department of Transportation, Urban Forestry Administration</attrdefs>
            </attr>
            <attr>
                <attrlabl>PESTS</attrlabl>
                <attrdef>Observation of tree pest incidence</attrdef>
                <attrdefs>District of Columbia, Department of Transportation, Urban Forestry Administration</attrdefs>
            </attr>
            <attr>
                <attrlabl>CONDITION</attrlabl>
                <attrdef>Generalized tree health via visual inspection</attrdef>
                <attrdefs>District of Columbia, Department of Transportation, Urban Forestry Administration</attrdefs>
            </attr>
            <attr>
                <attrlabl>CONDITIODT</attrlabl>
                <attrdef>Most recent date of condition inspection</attrdef>
                <attrdefs>District of Columbia, Department of Transportation, Urban Forestry Administration</attrdefs>
            </attr>
            <attr>
                <attrlabl>TREE_NOTES</attrlabl>
                <attrdef>Comments</attrdef>
                <attrdefs>District of Columbia, Department of Transportation, Urban Forestry Administration</attrdefs>
            </attr>
            <attr>
                <attrlabl>ONEYEARPHOTO</attrlabl>
                <attrdefs>District of Columbia, Department of Transportation, Urban Forestry Administration</attrdefs>
            </attr>
            <attr>
                <attrlabl>SPECIALPHOTO</attrlabl>
                <attrdefs>District of Columbia, Department of Transportation, Urban Forestry Administration</attrdefs>
            </attr>
            <attr>
                <attrlabl>PHOTOREMARKS</attrlabl>
                <attrdefs>District of Columbia, Department of Transportation, Urban Forestry Administration</attrdefs>
            </attr>
            <attr>
                <attrlabl>ELEVATION</attrlabl>
                <attrdef>Level of soil at base of tree or in tree box</attrdef>
                <attrdefs>District of Columbia, Department of Transportation, Urban Forestry Administration</attrdefs>
            </attr>
            <attr>
                <attrlabl>SIGN</attrlabl>
                <attrdef>Type of sign in close proximity to tree</attrdef>
                <attrdefs>District of Columbia, Department of Transportation, Urban Forestry Administration</attrdefs>
            </attr>
            <attr>
                <attrlabl>TRRS</attrlabl>
                <attrdefs>District of Columbia, Department of Transportation, Urban Forestry Administration</attrdefs>
            </attr>
            <attr>
                <attrlabl>FAM_NAME</attrlabl>
            </attr>
            <attr>
                <attrlabl>CREATED_USER</attrlabl>
            </attr>
            <attr>
                <attrlabl>CREATED_DATE</attrlabl>
            </attr>
            <attr>
                <attrlabl>EDITEDBY</attrlabl>
            </attr>
            <attr>
                <attrlabl>LAST_EDITED_USER</attrlabl>
            </attr>
            <attr>
                <attrlabl>LAST_EDITED_DATE</attrlabl>
            </attr>
            <attr>
                <attrlabl>GENUS_NAME</attrlabl>
            </attr>
            <attr>
                <attrlabl>WARRANTY</attrlabl>
                <attrdef>Planting season when plant warranty began</attrdef>
                <attrdefs>District of Columbia, Department of Transportation, Urban Forestry Administration</attrdefs>
            </attr>
            <attr>
                <attrlabl>SE_ANNO_CAD_DATA</attrlabl>
            </attr>
            <attr>
                <attrlabl>GIS_ID</attrlabl>
            </attr>
            <attr>
                <attrlabl>GlobalID</attrlabl>
            </attr>
            <attr>
                <attrlabl>Creator</attrlabl>
            </attr>
            <attr>
                <attrlabl>Created</attrlabl>
            </attr>
            <attr>
                <attrlabl>Editor</attrlabl>
            </attr>
            <attr>
                <attrlabl>Edited</attrlabl>
            </attr>
        </detailed>
        <overview>
            <eaover>All attribute data is created, maintained and updated by the Urban Forestry Administration.</eaover>
        </overview>
    </eainfo>
    <distinfo>
        <distrib>
            <cntinfo>
                <cntorgp>
                    <cntorg>D.C. Office of the Chief Technology Officer</cntorg>
                    <cntper>GIS Data Coordinator</cntper>
                </cntorgp>
                <cntaddr>
                    <addrtype>mailing and physical</addrtype>
                    <address>200 I Street SE, 5th Floor</address>
                    <city>Washington</city>
                    <state>DC</state>
                    <postal>20003</postal>
                    <country>US</country>
                </cntaddr>
                <cntfax>(202) 727-5660</cntfax>
                <cntemail>dcgis@dc.gov</cntemail>
                <hours>8:30 am - 5 pm</hours>
            </cntinfo>
        </distrib>
        <distliab>See access and use constraints information.</distliab>
    </distinfo>
    <metainfo>
        <metd>20171102</metd>
        <metrd>12/05/2008</metrd>
        <metc>
            <cntinfo>
                <cntorgp>
                    <cntorg>D.C. Office of the Chief Technology Officer</cntorg>
                    <cntper>GIS Data Coordinator</cntper>
                </cntorgp>
                <cntaddr>
                    <addrtype>mailing and physical</addrtype>
                    <address>200 I Street SE, 5th Floor</address>
                    <city>Washington</city>
                    <state>DC</state>
                    <postal>20003</postal>
                    <country>US</country>
                </cntaddr>
                <cntfax>(202) 727-5660</cntfax>
                <cntemail>dcgis@dc.gov</cntemail>
                <hours>8:30 am - 5 pm</hours>
            </cntinfo>
        </metc>
        <metstdn>FGDC Content Standard for Digital Geospatial Metadata</metstdn>
        <metstdv>FGDC-STD-001-1998</metstdv>
        <mettc>local time</mettc>
    </metainfo>
</metadata>
